sku,slot,pms,hex,hex_valid,pms_valid
PP-AP-01,1,PMS 361 C,HEX 36AD2D,TRUE,TRUE
PP-AP-01,2,PMS 367 C,HEX 9FD560,TRUE,TRUE
PP-AP-01,3,PMS 9121 C,HEX EDEDB2,TRUE,TRUE
PP-CM-02,1,PMS 4625 C,HEX 4E2CID,FALSE,TRUE
PP-CM-02,2,PMS 7516 C,HEX 98552A,TRUE,TRUE
PP-CM-02,3,PMS 727 C,HEX DAB38D,TRUE,TRUE
PP-CPB-17,1,PMS 4695 C,HEX 5C3327,TRUE,TRUE
PP-CPB-17,2,PMS 715 C,HEX F88D2A,TRUE,TRUE
PP-CPB-17,3,PMS 7506 C,HEX F2DAB2,TRUE,TRUE
PP-CNC-03,1,PMS 9081 C,HEX DED8D4,TRUE,TRUE
PP-CNC-03,2,PMS 7516 C,HEX 9B552B,TRUE,TRUE
PP-CNC-03,3,PMS 4625 C,HEX 502C1E,TRUE,TRUE
PP-CC-04,1,PMS 298 C,HEX 3CB4E5,TRUE,TRUE
PP-CC-04,2,PMS 285 C,HEX 0071CE,TRUE,TRUE
PP-CC-04,3,PMS 648 C,HEX 002D5D,TRUE,TRUE
PP-GD-05,1,PMS 177 C,HEX FF8189,TRUE,TRUE
PP-GD-05,2,PMS 9160 C,HEX F4E3BF,TRUE,TRUE
PP-GD-05,3,PMS 4625 C,HEX 502C1E,TRUE,TRUE
PP-H-06,1,PMS --,HEX FFFFFF,TRUE,FALSE
PP-H-06,2,PMS 721 C,HEX DEA36D,TRUE,TRUE
PP-H-06,3,PMS 4625 C,HEX 502C1E,TRUE,TRUE
PP-IM-07,1,PMS 7567 C,HEX 895334,TRUE,TRUE
PP-IM-07,2,PMS 728 C,HEX 9FD560,TRUE,TRUE
PP-IM-07,3,PNS 9160 C,HEX EDEDB2,TRUE,FALSE
PP-MD-08,1,PMS 1685 C,HEX 863A20,TRUE,TRUE
PP-MD-08,2,PMS 7565 C,HEX CB792E,TRUE,TRUE
PP-MD-08,3,PMS 9160 C,HEX F4E3BF,TRUE,TRUE
PP-N-09,1,PMS 1767 C,HEX 5C3327,TRUE,TRUE
PP-N-09,2,CMYK 3 1 17 0,HEX F6F4DA,TRUE,FALSE
PP-N-09,3,PMS 4625 C,HEX 502C1E,TRUE,TRUE
PP-OC-10,1,PMS 1495 C,HX FF9015,TRUE,TRUE
PP-OC-10,2,PMS 123 C,HEX FFC62D,TRUE,TRUE
PP-OC-10,3,PMS --,HEX FFFFFF,TRUE,FALSE
PP-PC-11,1,PMS 171 C,HEX FF5C35,TRUE,TRUE
PP-PC-11,2,PMS 135 C,HEX FFC557,TRUE,TRUE
PP-PC-11,3,PMS 9201 C,HEX 502C1E,TRUE,TRUE
PP-RC-12,1,PMS 676 C,HEX 951257,TRUE,TRUE
PP-RC-12,2,PMS 231 C,HEX E81F76,TRUE,TRUE
PP-RC-12,3,PMS 9160 C,HEX F43BF,FALSE,TRUE
PP-SD-13,1,PMS 7412 C,HEX D48232,TRUE,TRUE
PP-SD-13,2,PMS 1225 C,HEX FFC653,TRUE,TRUE
PP-SD-13,3,PMS 7401 C,HEX F6DFA4,TRUE,TRUE
PP-SS-14,1,PMS 186,HEX CE0E2D,TRUE,TRUE
PP-SS-14,2,PMS 177 C,HEX FF8189,TRUE,TRUE
PP-SS-14,3,PMS 9181 C,HEX F5E1C8,TRUE,TRUE
PP-VB-15,1,PMS 638 C,HEX 00ACD8,TRUE,TRUE
PP-VB-15,2,PMS 304 C,HEX 96DAEA,TRUE,TRUE
PP-VB-15,3,PMS 9224 U,HEX FBEADA,TRUE,TRUE
PP-PA-30,1,PMS 7650 C,HEX 722455,TRUE,TRUE
PP-PA-30,2,PMS 673 C,HEX D484B6,TRUE,TRUE
PP-PA-30,3,PMS --,HEX FFFFFF,TRUE,FALSE
PP-PS-16,1,PMS 158 C,HEX EE7623,TRUE,TRUE
PP-PS-16,2,PMS 7580 C,HEX C25131,TRUE,TRUE
PP-PS-16,3,PMS 7506 C,HEX F2DAB2,TRUE,TRUE
PP-SC-18,1,PMS 9224 U,HEX FBEADA,TRUE,TRUE
PP-SC-18,2,PMS 708 C,HEX F48E9F,TRUE,TRUE
PP-SC-18,3,PMS 7419 C,HEX AC505D,TRUE,TRUE
PP-FC-19,1,PMS 485 C,HEX E8332A,TRUE,TRUE
PP-FC-19,2,PMS 106 C,HEX F5E252,TRUE,TRUE
PP-FC-19,3,PMS --,HEX FFFFFF,TRUE,FALSE
PP-MC-20,1,PMS 351 C,HEX 98D2B3,TRUE,TRUE
PP-MC-20,2,PMS 483 C,HEX 602C25,TRUE,TRUE
PP-MC-20,3,PMS Black C,HEX 000000,TRUE,TRUE
PP-BF-21,1,PMS 113 C,HEX F8DD5C,TRUE,TRUE
PP-BF-21,2,CMYK 1 0 26 0,HEX FEF9CA,TRUE,FALSE
PP-BF-21,3,PMS 469 C,HEX E613B24,FALSE,TRUE
PP-BD-22,1,PMS 9224 C,HEX F8EAD9,TRUE,TRUE
PP-BD-22,2,PMS 806 C,HEX FF41B2,TRUE,TRUE
PP-BD-22,3,PMS 2727 C,HEX 247DE3,TRUE,TRUE
PP-BLM-23,1,PMS 2766 C,HEX 0F1B4D,TRUE,TRUE
PP-BLM-23,2,PMS 660 C,HEX 397DC9,TRUE,TRUE
PP-BLM-23,3,PMS 290 C,HEX B6D7EB,TRUE,TRUE
PP-CRL-24,1,PMS 7628 C,HEX 9F2E32,TRUE,TRUE
PP-CRL-24,2,PMS 7631 C,HEX 552E2E,TRUE,TRUE
PP-CRL-24,3,PMS 9184 C,HEX EDE3CF,TRUE,TRUE
PP-DCH-25,1,PMS 476 C,HEX 4E352B,TRUE,TRUE
PP-DCH-25,2,PMS 7566 C,HEX 945631,TRUE,TRUE
PP-DCH-25,3,PMS 727 C,HEX D8B48F,TRUE,TRUE
PP-KLP-26,1,PMS 354 C,HEX 00AE44,TRUE,TRUE
PP-KLP-26,2,PMS 375 C,HEX 91D500,TRUE,TRUE
PP-KLP-26,3,PMS 9120 C,HEX EEEDB6,TRUE,TRUE
PP-LCK-27,1,PMS 107 C,HEX FBE020,TRUE,TRUE
PP-LCK-27,2,PMS --,HEX FFFFFF,TRUE,FALSE
PP-LCK-27,3,PMS 7554,HEX 4A3C2A,TRUE,TRUE
PP-RDV-28,1,PMS 186 C,HEX D01F39,TRUE,TRUE
PP-RDV-28,2,PMS 188 C,HEX 722031,TRUE,TRUE
PP-RDV-28,3,PMS --,HEX FFFFFF,TRUE,FALSE
PP-SLC-29,1,PMS 7516 C,HEX 945631,TRUE,TRUE
PP-SLC-29,2,PMS 7570 C,HEX D38337,TRUE,TRUE
PP-SLC-29,3,PMS 7506 C,HEX EDD4AA,TRUE,TRUE
PSP-AP,1,PMS 361 C,HEX 36AD2D,TRUE,TRUE
PSP-AP,2,PMS 367 C,HEX 9FD560,TRUE,TRUE
PSP-AP,3,PMS 9121 C,HEX EDEDB2,TRUE,TRUE
PSP-CM,1,PMS 4625 C,HEX 4E2CID,FALSE,TRUE
PSP-CM,2,PMS 7516 C,HEX 98552A,TRUE,TRUE
PSP-CM,3,PMS 727 C,HEX DAB38D,TRUE,TRUE
PSP-CPB,1,PMS 4695 C,HEX 5C3327,TRUE,TRUE
PSP-CPB,2,PMS 715 C,HEX F88D2A,TRUE,TRUE
PSP-CPB,3,PMS 7506 C,HEX F2DAB2,TRUE,TRUE
PSP-CC,1,PMS 9081 C,HEX DED8D4,TRUE,TRUE
PSP-CC,2,PMS 7516 C,HEX 9B552B,TRUE,TRUE
PSP-CC,3,PMS 4625 C,HEX 502C1E,TRUE,TRUE
PSP-CCR,1,PMS 298 C,HEX 3CB4E5,TRUE,TRUE
PSP-CCR,2,PMS 285 C,HEX 0071CE,TRUE,TRUE
PSP-CCR,3,PMS 648 C,HEX 002D5D,TRUE,TRUE
PSP-FC,1,PMS 485 C,HEX E8332A,TRUE,TRUE
PSP-FC,2,PMS 106 C,HEX F5E252,TRUE,TRUE
PSP-FC,3,PMS --,HEX FFFFFF,TRUE,FALSE
PSP-GD,1,PMS 177 C,HEX FF8189,TRUE,TRUE
PSP-GD,2,PMS 9160 C,HEX F4E3BF,TRUE,TRUE
PSP-GD,3,PMS 4625 C,HEX 502C1E,TRUE,TRUE
PSP-HO,1,PMS --,HEX FFFFFF,TRUE,FALSE
PSP-HO,2,PMS 721 C,HEX DEA36D,TRUE,TRUE
PSP-HO,3,PMS 4625 C,HEX 502C1E,TRUE,TRUE
PSP-IM,1,PMS 7567 C,HEX 895334,TRUE,TRUE
PSP-IM,2,PMS 728 C,HEX 9FD560,TRUE,TRUE
PSP-IM,3,PNS 9160 C,HEX EDEDB2,TRUE,FALSE
PSP-MD,1,PMS 1685 C,HEX 863A20,TRUE,TRUE
PSP-MD,2,PMS 7565 C,HEX CB792E,TRUE,TRUE
PSP-MD,3,PMS 9160 C,HEX F4E3BF,TRUE,TRUE
PSP-MC,1,PMS 351 C,HEX 98D2B3,TRUE,TRUE
PSP-MC,2,PMS 483 C,HEX 602C25,TRUE,TRUE
PSP-MC,3,PMS Black C,HEX 000000,TRUE,TRUE
PSP-NE,1,PMS 1767 C,HEX 5C3327,TRUE,TRUE
PSP-NE,2,CMYK 3 1 17 0,HEX F6F4DA,TRUE,FALSE
PSP-NE,3,PMS 4625 C,HEX 502C1E,TRUE,TRUE
PSP-OC,1,PMS 1495 C,HX FF9015,TRUE,TRUE
PSP-OC,2,PMS 123 C,HEX FFC62D,TRUE,TRUE
PSP-OC,3,PMS --,HEX FFFFFF,TRUE,FALSE
PSP-PC,1,PMS 171 C,HEX FF5C35,TRUE,TRUE
PSP-PC,2,PMS 135 C,HEX FFC557,TRUE,TRUE
PSP-PC,3,PMS 9201 C,HEX 502C1E,TRUE,TRUE
PSP-PS,1,PMS 158 C,HEX EE7623,TRUE,TRUE
PSP-PS,2,PMS 7580 C,HEX C25131,TRUE,TRUE
PSP-PS,3,PMS 7506 C,HEX F2DAB2,TRUE,TRUE
PSP-RC,1,PMS 676 C,HEX 951257,TRUE,TRUE
PSP-RC,2,PMS 231 C,HEX E81F76,TRUE,TRUE
PSP-RC,3,PMS 9160 C,HEX F43BF,FALSE,TRUE
PSP-SD,1,PMS 7412 C,HEX D48232,TRUE,TRUE
PSP-SD,2,PMS 1225 C,HEX FFC653,TRUE,TRUE
PSP-SD,3,PMS 7401 C,HEX F6DFA4,TRUE,TRUE
PSP-SS,1,PMS 186,HEX CE0E2D,TRUE,TRUE
PSP-SS,2,PMS 177 C,HEX FF8189,TRUE,TRUE
PSP-SS,3,PMS 9181 C,HEX F5E1C8,TRUE,TRUE
PSP-SC,1,PMS 9224 U,HEX FBEADA,TRUE,TRUE
PSP-SC,2,PMS 708 C,HEX F48E9F,TRUE,TRUE
PSP-SC,3,PMS 7419 C,HEX AC505D,TRUE,TRUE
PSP-VB,1,PMS 638 C,HEX 00ACD8,TRUE,TRUE
PSP-VB,2,PMS 304 C,HEX 96DAEA,TRUE,TRUE
PSP-VB,3,PMS 9224 U,HEX FBEADA,TRUE,TRUE
PSP-PA,1,PMS 7650 C,HEX 722455,TRUE,TRUE
PSP-PA,2,PMS 673 C,HEX D484B6,TRUE,TRUE
PSP-PA,3,PMS --,HEX FFFFFF,TRUE,FALSE
PSP-BF,1,PMS 113 C,HEX F8DD5C,TRUE,TRUE
PSP-BF,2,CMYK 1 0 26 0,HEX FEF9CA,TRUE,FALSE
PSP-BF,3,PMS 469 C,HEX E613B24,FALSE,TRUE
PSP-BD,1,PMS 9224 C,HEX F8EAD9,TRUE,TRUE
PSP-BD,2,PMS 806 C,HEX FF41B2,TRUE,TRUE
PSP-BD,3,PMS 2727 C,HEX 247DE3,TRUE,TRUE
PSP-BM,1,PMS 2766 C,HEX 0F1B4D,TRUE,TRUE
PSP-BM,2,PMS 660 C,HEX 397DC9,TRUE,TRUE
PSP-BM,3,PMS 290 C,HEX B6D7EB,TRUE,TRUE
PSP-CRL,1,PMS 7628 C,HEX 9F2E32,TRUE,TRUE
PSP-CRL,2,PMS 7631 C,HEX 552E2E,TRUE,TRUE
PSP-CRL,3,PMS 9184 C,HEX EDE3CF,TRUE,TRUE
PSP-DC,1,PMS 476 C,HEX 4E352B,TRUE,TRUE
PSP-DC,2,PMS 7566 C,HEX 945631,TRUE,TRUE
PSP-DC,3,PMS 727 C,HEX D8B48F,TRUE,TRUE
PSP-KL,1,PMS 354 C,HEX 00AE44,TRUE,TRUE
PSP-KL,2,PMS 375 C,HEX 91D500,TRUE,TRUE
PSP-KL,3,PMS 9120 C,HEX EEEDB6,TRUE,TRUE
PSP-LC,1,PMS 107 C,HEX FBE020,TRUE,TRUE
PSP-LC,2,PMS --,HEX FFFFFF,TRUE,FALSE
PSP-LC,3,PMS 7554,HEX 4A3C2A,TRUE,TRUE
PSP-RV,1,PMS 186 C,HEX D01F39,TRUE,TRUE
PSP-RV,2,PMS 188 C,HEX 722031,TRUE,TRUE
PSP-RV,3,PMS --,HEX FFFFFF,TRUE,FALSE
PSP-SCR,1,PMS 7516 C,HEX 945631,TRUE,TRUE
PSP-SCR,2,PMS 7570 C,HEX D38337,TRUE,TRUE
PSP-SCR,3,PMS 7506 C,HEX EDD4AA,TRUE,TRUE
42224277651538,1,PMS 7628 C,HEX 9F2E32,TRUE,TRUE
42224277651538,2,PMS 7631 C,HEX 552E2E,TRUE,TRUE
42224277651538,3,PMS 9184 C,HEX EDE3CF,TRUE,TRUE
42224277684306,1,PMS 4625 C,HEX 49261A,TRUE,TRUE
42224277684306,2,PMS 7516 C,HEX 945631,TRUE,TRUE
42224277684306,3,PMS 727 C,HEX D8B48F,TRUE,TRUE
42224277717074,1,PMS 3005 C,HEX 007DC5,TRUE,TRUE
42224277717074,2,PMS 2915 C,HEX 51B1E2,TRUE,TRUE
42224277717074,3,PMS --,HEX FFFFFF,TRUE,FALSE
42224277749842,1,PMS 728 C,HEX C49873,TRUE,TRUE
42224277749842,2,PMS 7581 C,HEX 804837,TRUE,TRUE
42224277749842,3,PMS 9201 C,HEX F4E1CB,TRUE,TRUE
HBF-CHU,1,PMS 7628 C,HEX 9F2E32,TRUE,TRUE
HBF-CHU,2,PMS 7631 C,HEX 552E2E,TRUE,TRUE
HBF-CHU,3,PMS 9184 C,HEX EDE3CF,TRUE,TRUE
HBF-DCH,1,PMS 4625 C,HEX 49261A,TRUE,TRUE
HBF-DCH,2,PMS 7516 C,HEX 945631,TRUE,TRUE
HBF-DCH,3,PMS 727 C,HEX D8B48F,TRUE,TRUE
HBF-DDL,1,PMS 728 C,HEX C49873,TRUE,TRUE
HBF-DDL,2,PMS 7581 C,HEX 804837,TRUE,TRUE
HBF-DDL,3,PMS 9201 C,HEX F4E1CB,TRUE,TRUE
HBF-VNL,1,PMS 3005 C,HEX 007DC5,TRUE,TRUE
HBF-VNL,2,PMS 2915 C,HEX 51B1E2,TRUE,TRUE
HBF-VNL,3,PMS --,HEX FFFFFF,TRUE,FALSE
PP-BB-21,1,PMS 476 C,HEX 4E352B,TRUE,TRUE
PP-BB-21,2,PMS 7566 C,HEX 945631,TRUE,TRUE
PP-BB-21,3,PMS 7506 C,HEX F2DAB2,TRUE,TRUE
PP-CM-23,1,PMS 4655 C,HEX B68C72,TRUE,TRUE
PP-CM-23,2,PMS 7567 C,HEX 815135,TRUE,TRUE
PP-CM-23,3,PMS --,HEX FFFFFF,TRUE,FALSE
PP-SC-22,1,PMS 7516 C,HEX 935635,TRUE,TRUE
PP-SC-22,2,PMS 7570 C,HEX D1833F,TRUE,TRUE
PP-SC-22,3,PMS 7506 C,HEX EDD3AD,TRUE,TRUE
PP-VC-24,1,PMS 9160 C,HEX F4E3C1,TRUE,TRUE
PP-VC-24,2,PMS 130 C,HEX F4A718,TRUE,TRUE
PP-VC-24,3,PMS 7568 C,HEX 6E4C37,TRUE,TRUE
PPSS-BB,1,PMS 476 C,HEX 4E352B,TRUE,TRUE
PPSS-BB,2,PMS 7566 C,HEX 945631,TRUE,TRUE
PPSS-BB,3,PMS 7506 C,HEX F2DAB2,TRUE,TRUE
PPSS-CM,1,PMS 4655 C,HEX B68C72,TRUE,TRUE
PPSS-CM,2,PMS 7567 C,HEX 815135,TRUE,TRUE
PPSS-CM,3,PMS --,HEX FFFFFF,TRUE,FALSE
PPSS-SC,1,PMS 7516 C,HEX 935635,TRUE,TRUE
PPSS-SC,2,PMS 7570 C,HEX D1833F,TRUE,TRUE
PPSS-SC,3,PMS 7506 C,HEX EDD3AD,TRUE,TRUE
PPSS-VC,1,PMS 9160 C,HEX F4E3C1,TRUE,TRUE
PPSS-VC,2,PMS 130 C,HEX F4A718,TRUE,TRUE
PPSS-VC,3,PMS 7568 C,HEX 6E4C37,TRUE,TRUE
PPM-BM,1,PMS 638 C,HEX 00ACD8,TRUE,TRUE
PPM-BM,2,PMS 304 C,HEX 96DAEA,TRUE,TRUE
PPM-BM,3,PMS 9224 U,HEX F8EADA,TRUE,TRUE
PPM-C,1,PMS 4625 C,HEX 502C1F,TRUE,TRUE
PPM-C,2,PMS 470 C,HEX A45A30,TRUE,TRUE
PPM-C,3,PMS 475 C,HEX F2CEB4,TRUE,TRUE
PPM-CS,1,PMS 7608 C,HEX A74840,TRUE,TRUE
PPM-CS,2,PMS 1565 C,HEX FFA16E,TRUE,TRUE
PPM-CS,3,PMS 9184 C,HEX EFE2CE,TRUE,TRUE
PPM-PS,1,PMS 158 C,HEX EE7623,TRUE,TRUE
PPM-PS,2,PMS 285 C,HEX C25131,TRUE,TRUE
PPM-PS,3,PMS 7506 C,HEX F2DAB2,TRUE,TRUE
PCCM-CH-01,1,PMS 4625 C,HEX 502C1F,TRUE,TRUE
PCCM-CH-01,2,PMS 470 C,HEX A45A30,TRUE,TRUE
PCCM-CH-01,3,PMS 727 C,HEX D8B48F,TRUE,TRUE
PCCM-CS-02,1,PMS 7608 C,HEX A74840,TRUE,TRUE
PCCM-CS-02,2,PMS 1565 C,HEX FFA16E,TRUE,TRUE
PCCM-CS-02,3,PMS 9184 C,HEX EFE2CE,TRUE,TRUE
PCCM-PS-03,1,PMS 158 C,HEX EE7623,TRUE,TRUE
PCCM-PS-03,2,PMS 7580 C,HEX C25131,TRUE,TRUE
PCCM-PS-03,3,PMS 7506 C,HEX F2DAB2,TRUE,TRUE
PCCM-V-04,1,PMS 638 C,HEX 00ACD8,TRUE,TRUE
PCCM-V-04,2,PMS 304 C,HEX 96DAEA,TRUE,TRUE
PCCM-V-04,3,PMS 9224 U,HEX FBEADA,TRUE,TRUE
PCM-OR,1,PMS 143 C,HEX F0B242,TRUE,TRUE
PCM-OR,2,PMS 7565 C,HEX CB792E,TRUE,TRUE
PCM-OR,3,PMS --,HEX FFFFFF,TRUE,FALSE
PCM-CH,1,PMS 4625 C,HEX 502C1F,TRUE,TRUE
PCM-CH,2,PMS 470 C,HEX A45A30,TRUE,TRUE
PCM-CH,3,PMS 475 C,HEX F2CEB4,TRUE,TRUE
PDM-AS-01,1,PMS 361 C,HEX 36AD2D,TRUE,TRUE
PDM-AS-01,2,PMS 367 C,HEX 9FD560,TRUE,TRUE
PDM-AS-01,3,PMS 9121 C,HEX EDEDB2,TRUE,TRUE
PDM-BC-02,1,PMS 1215 C,HEX FBD579,TRUE,TRUE
PDM-BC-02,2,PMS 124 C,HEX EAA81A,TRUE,TRUE
PDM-BC-02,3,PMS 725 C,HEX 7D401B,TRUE,TRUE
PDM-BDC-03,1,PMS 9060 C,HEX F1EFDA,TRUE,TRUE
PDM-BDC-03,2,PMS 806 C,HEX FF47B3,TRUE,TRUE
PDM-BDC-03,3,PMS 2727 C,HEX 307FDE,TRUE,TRUE
PDM-CC-04,1,PMS 9160 C,HEX F4E3C1,TRUE,TRUE
PDM-CC-04,2,PMS 130 C,HEX F4A718,TRUE,TRUE
PDM-CC-04,3,PMS 1615 C,HEX 8C4825,TRUE,TRUE
PDM-CPB-06,1,PMS 4695 C,HEX 5C3329,TRUE,TRUE
PDM-CPB-06,2,PMS 715 C,HEX F68D39,TRUE,TRUE
PDM-CPB-06,3,PMS 7506 C,HEX F1DAB4,TRUE,TRUE
PDM-CS-07,1,PMS 7608 C,HEX A74840,TRUE,TRUE
PDM-CS-07,2,PMS 1565 C,HEX FFA16E,TRUE,TRUE
PDM-CS-07,3,PMS 9184 C,HEX EFE2CE,TRUE,TRUE
PDM-DC-15,1,PMS 4625 C,HEX 502C1F,TRUE,TRUE
PDM-DC-15,2,PMS 470 C,HEX A45A30,TRUE,TRUE
PDM-DC-15,3,PMS 475 C,HEX F2CEB4,TRUE,TRUE
PDM-KL-16,1,PMS 354 C,HEX 00AD47,TRUE,TRUE
PDM-KL-16,2,PMS 375 C,HEX 95D324,TRUE,TRUE
PDM-KL-16,3,PMS 9120 C,HEX F1EDBA,TRUE,TRUE
PDM-LPS-17,1,PMS 123 C,HEX FFC43E,TRUE,TRUE
PDM-LPS-17,2,PMS 903 C,HEX FFF178,TRUE,TRUE
PDM-LPS-17,3,PMS 7554 C,HEX 4B3D2C,TRUE,TRUE
PDM-PBJ-18,1,PMS 1601 C,HEX A35424,TRUE,TRUE
PDM-PBJ-18,2,PMS 130 C,HEX F4A718,TRUE,TRUE
PDM-PBJ-18,3,PMS 1355 C,HEX FFC474,TRUE,TRUE
PDM-PBB-19,1,PMS 7569 C,HEX D88832,TRUE,TRUE
PDM-PBB-19,2,PMS 1215 C,HEX FBD579,TRUE,TRUE
PDM-PBB-19,3,PMS 168 C,HEX 733920,TRUE,TRUE
PDM-RC-20,1,PMS 676 C,HEX 980750,TRUE,TRUE
PDM-RC-20,2,PMS 213 C,HEX E62777,TRUE,TRUE
PDM-RC-20,3,PMS 9160 C,HEX F4E3C1,TRUE,TRUE
PDM-SC-21,1,PMS 7563 C,HEX D69938,TRUE,TRUE
PDM-SC-21,2,PMS 471 C,HEX B9612D,TRUE,TRUE
PDM-SC-21,3,PMS 483 C,HEX 663027,TRUE,TRUE
PDM-SSS-22,1,PMS --,HEX FFFFFF,TRUE,FALSE
PDM-SSS-22,2,PMS 186 C,HEX CD233D,TRUE,TRUE
PDM-SSS-22,3,PMS 300 C,HEX 006BAB,TRUE,TRUE
PDM-STC-23,1,PMS 186 C,HEX CC1532,TRUE,TRUE
PDM-STC-23,2,PMS 177 C,HEX FF828B,TRUE,TRUE
PDM-STC-23,3,PMS 9181,HEX F4E1C9,TRUE,TRUE
PDM-TC-24,1,PMS 9081 C,HEX DEDBD4,TRUE,TRUE
PDM-TC-24,2,PMS 7516 C,HEX 9B552B,TRUE,TRUE
PDM-TC-24,3,PMS 4625 C,HEX 502C1E,TRUE,TRUE
PDM-VC-25,1,PMS 638 C,HEX 00ACD8,TRUE,TRUE
PDM-VC-25,2,PMS 304 C,HEX 96DAEA,TRUE,TRUE
PDM-VC-25,3,PMS 9224 U,HEX FBEADA,TRUE,TRUE
PDM-WB-26,1,PMS 2766 C,HEX 111E4D,TRUE,TRUE
PDM-WB-26,2,PMS 660 C,HEX 407EC7,TRUE,TRUE
PDM-WB-26,3,PMS 290 C,HEX B9D8EA,TRUE,TRUE
