po_number,line_no,sku,description,flavor,spec_id,qty,unit_cost,ext_cost,excluded,exclusion_note,line_status,expected_date,qty_received,date_received,qc_status,location
42826,1,PSP-AP,Large WHEY PROTEIN Stick Film,Apple Pie,SPEC-STICK-LG,60000,0.0749,4494,FALSE,,Ordered,,,,,
42826,2,PSP-CM,Large WHEY PROTEIN Stick Film,Chocolate Mousse,SPEC-STICK-LG,80000,0.0749,5992,FALSE,,Ordered,,,,,
42826,3,PSP-CPB,Large WHEY PROTEIN Stick Film,Chocolate Peanut Butter,SPEC-STICK-LG,57100,0.0749,4276.79,FALSE,,Ordered,,,,,
42826,4,PSP-CC,Large WHEY PROTEIN Stick Film,Coconut Cream,SPEC-STICK-LG,57000,0.0749,4269.3,FALSE,,Ordered,,,,,
42826,5,PSP-CCR,Large WHEY PROTEIN Stick Film,Cookie Crumble,SPEC-STICK-LG,55000,0.0749,4119.5,FALSE,,Ordered,,,,,
42826,6,PSP-FC,Large WHEY PROTEIN Stick Film,Fruity Cereal,SPEC-STICK-LG,55000,0.0749,4119.5,FALSE,,Ordered,,,,,
42826,7,PSP-GD,Large WHEY PROTEIN Stick Film,Glazed Donut,SPEC-STICK-LG,80000,0.0749,5992,FALSE,,Ordered,,,,,
42826,8,PSP-HO,Large WHEY PROTEIN Stick Film,Horchata,SPEC-STICK-LG,55000,0.0749,4119.5,FALSE,,Ordered,,,,,
42826,9,PSP-IM,Large WHEY PROTEIN Stick Film,Iced Mocha,SPEC-STICK-LG,55000,0.0749,4119.5,FALSE,,Ordered,,,,,
42826,10,PSP-MD,Large WHEY PROTEIN Stick Film,Maple Donut,SPEC-STICK-LG,55000,0.0749,4119.5,FALSE,,Ordered,,,,,
42826,11,PSP-MC,Large WHEY PROTEIN Stick Film,Mint Chocolate,SPEC-STICK-LG,55000,0.0749,4119.5,FALSE,,Ordered,,,,,
42826,12,PSP-NE,Large WHEY PROTEIN Stick Film,Neapolitan,SPEC-STICK-LG,25000,0.0749,1872.5,FALSE,,Ordered,,,,,
42826,13,PSP-OC,Large WHEY PROTEIN Stick Film,Orange Cream,SPEC-STICK-LG,35000,0.0749,2621.5,FALSE,,Ordered,,,,,
42826,14,PSP-PC,Large WHEY PROTEIN Stick Film,Peach Cobbler,SPEC-STICK-LG,35000,0.0749,2621.5,FALSE,,Ordered,,,,,
42826,15,PSP-PS,Large WHEY PROTEIN Stick Film,Pumpkin Spice,SPEC-STICK-LG,35000,0.0749,2621.5,FALSE,,Ordered,,,,,
42826,16,PSP-RC,Large WHEY PROTEIN Stick Film,Raspberry Cheescake,SPEC-STICK-LG,55000,0.0749,4119.5,FALSE,,Ordered,,,,,
42826,17,PSP-SD,Large WHEY PROTEIN Stick Film,Snickerdoodle,SPEC-STICK-LG,35000,0.0749,2621.5,FALSE,,Ordered,,,,,
42826,18,PSP-SS,Large WHEY PROTEIN Stick Film,Strawberry Shortcake,SPEC-STICK-LG,56000,0.0749,4194.4,FALSE,,Ordered,,,,,
42826,19,PSP-SC,Large WHEY PROTEIN Stick Film,Sugar Cookie,SPEC-STICK-LG,35000,0.0749,2621.5,FALSE,,Ordered,,,,,
42826,20,PSP-VB,Large WHEY PROTEIN Stick Film,Vanilla Bean,SPEC-STICK-LG,55000,0.0749,4119.5,FALSE,,Ordered,,,,,
42826,21,PSP-PA,Large WHEY PROTEIN Stick Film,Pomegranate Acai,SPEC-STICK-LG,55000,0.0749,4119.5,FALSE,,Ordered,,,,,
42826,22,PSP-BF,Large WHEY PROTEIN Stick Film,Bananas Foster,SPEC-STICK-LG,63000,0.0749,4718.7,FALSE,,Ordered,,,,,
42826,23,PSP-BD,Large WHEY PROTEIN Stick Film,Birthday Cake,SPEC-STICK-LG,62000,0.0749,4643.8,FALSE,,Ordered,,,,,
42826,24,PSP-BM,Large WHEY PROTEIN Stick Film,Blueberry Muffin,SPEC-STICK-LG,63000,0.0749,4718.7,FALSE,,Ordered,,,,,
42826,25,PSP-CRL,Large WHEY PROTEIN Stick Film,Cinnamon Roll,SPEC-STICK-LG,73000,0.0749,5467.7,FALSE,,Ordered,,,,,
42826,26,PSP-DC,Large WHEY PROTEIN Stick Film,Double Chocolate,SPEC-STICK-LG,70500,0.0749,5280.45,FALSE,,Ordered,,,,,
42826,27,PSP-KL,Large WHEY PROTEIN Stick Film,Key Lime Pie,SPEC-STICK-LG,66000,0.0749,4943.4,FALSE,,Ordered,,,,,
42826,28,PSP-LC,Large WHEY PROTEIN Stick Film,Lemon Cake,SPEC-STICK-LG,62000,0.0749,4643.8,FALSE,,Ordered,,,,,
42826,29,PSP-RV,Large WHEY PROTEIN Stick Film,Red Velvet,SPEC-STICK-LG,62500,0.0749,4681.25,FALSE,,Ordered,,,,,
42826,30,PSP-SCR,Large WHEY PROTEIN Stick Film,Salted Caramel,SPEC-STICK-LG,61000,0.0749,4568.9,FALSE,,Ordered,,,,,
42826,31,HBF-CHU,Large BEEF PROTEIN Stick Film,Cinnamon Sugar,SPEC-STICK-LG,63000,0.0749,4718.7,FALSE,,Ordered,,,,,
42826,32,HBF-DCH,Large BEEF PROTEIN Stick Film,Double Chocolate,SPEC-STICK-LG,51000,0.0749,3819.9,FALSE,,Ordered,,,,,
42826,33,HBF-DDL,Large BEEF PROTEIN Stick Film,Toffee Cream,SPEC-STICK-LG,56000,0.0749,4194.4,FALSE,,Ordered,,,,,
42826,34,HBF-VNL,Large BEEF PROTEIN Stick Film,Frosted Vanilla,SPEC-STICK-LG,55500,0.0749,4156.95,FALSE,,Ordered,,,,,
42826,35,PPSS-BB,Large PLANT PROTEIN Stick Film,Brownie Batter,SPEC-STICK-LG,25000,0.0749,1872.5,TRUE,moved quantity to other flavors,Ordered,,,,,
42826,36,PPSS-CM,Large PLANT PROTEIN Stick Film,Cafe Mocha,SPEC-STICK-LG,25000,0.0749,1872.5,TRUE,moved quantity to other flavors,Ordered,,,,,
42826,37,PPSS-SC,Large PLANT PROTEIN Stick Film,Salted Caramel,SPEC-STICK-LG,25000,0.0749,1872.5,TRUE,moved quantity to other flavors,Ordered,,,,,
42826,38,PPSS-VC,Large PLANT PROTEIN Stick Film,Vanilla Cone,SPEC-STICK-LG,25000,0.0749,1872.5,TRUE,moved quantity to other flavors,Ordered,,,,,
41726,1,PP-AP-01,Large WHEY Protein Pouch,Apple Pie,SPEC-POUCH-LG,1000,0.506,506,FALSE,,Ordered,,,,,
41726,2,PP-CM-02,Large WHEY Protein Pouch,Chocolate Mousse,SPEC-POUCH-LG,2000,0.506,1012,FALSE,,Ordered,,,,,
41726,3,PP-CPB-17,Large WHEY Protein Pouch,Chocolate Peanut Butter,SPEC-POUCH-LG,2000,0.506,1012,FALSE,,Ordered,,,,,
41726,4,PP-CNC-03,Large WHEY Protein Pouch,Coconut Cream,SPEC-POUCH-LG,1000,0.506,506,FALSE,,Ordered,,,,,
41726,5,PP-CC-04,Large WHEY Protein Pouch,Cookie Crumble,SPEC-POUCH-LG,1000,0.506,506,FALSE,,Ordered,,,,,
41726,6,PP-GD-05,Large WHEY Protein Pouch,Glazed Donut,SPEC-POUCH-LG,1000,0.506,506,FALSE,,Ordered,,,,,
41726,7,PP-H-06,Large WHEY Protein Pouch,Horchata,SPEC-POUCH-LG,1000,0.506,506,FALSE,,Ordered,,,,,
41726,8,PP-IM-07,Large WHEY Protein Pouch,Iced Mocha,SPEC-POUCH-LG,2000,0.506,1012,FALSE,,Ordered,,,,,
41726,9,PP-MD-08,Large WHEY Protein Pouch,Maple Donut,SPEC-POUCH-LG,1000,0.506,506,FALSE,,Ordered,,,,,
41726,10,PP-N-09,Large WHEY Protein Pouch,Neapolitan,SPEC-POUCH-LG,1000,0.506,506,FALSE,,Ordered,,,,,
41726,11,PP-OC-10,Large WHEY Protein Pouch,Orange Cream,SPEC-POUCH-LG,1000,0.506,506,FALSE,,Ordered,,,,,
41726,12,PP-PC-11,Large WHEY Protein Pouch,Peach Cobbler,SPEC-POUCH-LG,1000,0.506,506,FALSE,,Ordered,,,,,
41726,13,PP-RC-12,Large WHEY Protein Pouch,Raspberry Cheesecake,SPEC-POUCH-LG,2000,0.506,1012,FALSE,,Ordered,,,,,
41726,14,PP-SD-13,Large WHEY Protein Pouch,Snickerdoodle Cookie,SPEC-POUCH-LG,1000,0.506,506,FALSE,,Ordered,,,,,
41726,15,PP-SS-14,Large WHEY Protein Pouch,Strawberry Shortcake,SPEC-POUCH-LG,1000,0.506,506,FALSE,,Ordered,,,,,
41726,16,PP-VB-15,Large WHEY Protein Pouch,Vanilla Bean,SPEC-POUCH-LG,1000,0.506,506,FALSE,,Ordered,,,,,
41726,17,PP-PS-16,Large WHEY Protein Pouch,Pumpkin Spice,SPEC-POUCH-LG,1000,0.506,506,FALSE,,Ordered,,,,,
41726,18,PP-SC-18,Large WHEY Protein Pouch,Sugar Cookie,SPEC-POUCH-LG,1000,0.506,506,FALSE,,Ordered,,,,,
41726,19,PP-FC-19,Large WHEY Protein Pouch,Fruity Cereal,SPEC-POUCH-LG,1000,0.506,506,FALSE,,Ordered,,,,,
41726,20,PP-MC-20,Large WHEY Protein Pouch,Mint Chocolate,SPEC-POUCH-LG,1000,0.506,506,FALSE,,Ordered,,,,,
41726,21,PP-BF-21,Large WHEY Protein Pouch,Bananas Foster,SPEC-POUCH-LG,5000,0.506,2530,FALSE,,Ordered,,,,,
41726,22,PP-BD-22,Large WHEY Protein Pouch,Birthday Cake,SPEC-POUCH-LG,5000,0.506,2530,FALSE,,Ordered,,,,,
41726,23,PP-BLM-23,Large WHEY Protein Pouch,Blueberry Muffin,SPEC-POUCH-LG,5000,0.506,2530,FALSE,,Ordered,,,,,
41726,24,PP-CRL-24,Large WHEY Protein Pouch,Cinnamon Roll,SPEC-POUCH-LG,5000,0.506,2530,FALSE,,Ordered,,,,,
41726,25,PP-DCH-25,Large WHEY Protein Pouch,Double Chocolate,SPEC-POUCH-LG,5000,0.506,2530,FALSE,,Ordered,,,,,
41726,26,PP-KLP-26,Large WHEY Protein Pouch,Key Lime Pie,SPEC-POUCH-LG,5000,0.506,2530,FALSE,,Ordered,,,,,
41726,27,PP-LCK-27,Large WHEY Protein Pouch,Lemon Cake,SPEC-POUCH-LG,5000,0.506,2530,FALSE,,Ordered,,,,,
41726,28,PP-RDV-28,Large WHEY Protein Pouch,Red Velvet,SPEC-POUCH-LG,5000,0.506,2530,FALSE,,Ordered,,,,,
41726,29,PP-SLC-29,Large WHEY Protein Pouch,Salted Caramel,SPEC-POUCH-LG,5000,0.506,2530,FALSE,,Ordered,,,,,
41726,30,42224277651538,Large BEEF Protein Pouch,Cinnamon Sugar,SPEC-POUCH-LG,5000,0.506,2530,FALSE,,Ordered,,,,,
41726,31,42224277684306,Large BEEF Protein Pouch,Double Chocolate,SPEC-POUCH-LG,5000,0.506,2530,FALSE,,Ordered,,,,,
41726,32,42224277717074,Large BEEF Protein Pouch,Frosted Vanilla,SPEC-POUCH-LG,5000,0.506,2530,FALSE,,Ordered,,,,,
41726,33,42224277749842,Large BEEF Protein Pouch,Toffee Cream,SPEC-POUCH-LG,5000,0.506,2530,FALSE,,Ordered,,,,,
41726,34,PP-BB-21,Large PLANT Protein Pouch,Brownie Batter,SPEC-POUCH-LG,1000,0.506,506,FALSE,,Ordered,,,,,
41726,35,PP-CM-23,Large PLANT Protein Pouch,Cafe Mocha,SPEC-POUCH-LG,1000,0.506,506,FALSE,,Ordered,,,,,
41726,36,PP-SC-22,Large PLANT Protein Pouch,Salted Caramel,SPEC-POUCH-LG,1000,0.506,506,FALSE,,Ordered,,,,,
41726,37,PP-VC-24,Large PLANT Protein Pouch,Vanilla Cone,SPEC-POUCH-LG,1000,0.506,506,FALSE,,Ordered,,,,,
43026,1,PPM-BM,ProDough Pancake Pouch,Buttermilk,SPEC-POUCH-SM,10000,0.434,4340,TRUE,leaving off this PO,Ordered,,,,,
43026,2,PCM-CH,ProDough Pancake Pouch,Chocolate,SPEC-POUCH-SM,10000,0.434,4340,TRUE,leaving off this PO,Ordered,,,,,
43026,3,PCCM-CS-02,ProDough Pancake Pouch,Cinnamon Swirl,SPEC-POUCH-SM,10000,0.434,4340,TRUE,leaving off this PO,Ordered,,,,,
43026,4,PCCM-PS-03,ProDough Pancake Pouch,Pumpkin Spice,SPEC-POUCH-SM,10000,0.434,4340,TRUE,leaving off this PO,Ordered,,,,,
43026,5,PCM-OR,ProDough Crepe Pouch,Original,SPEC-POUCH-SM,5000,0.434,2170,FALSE,,Ordered,,,,,
43026,6,PCM-CH,ProDough Crepe Pouch,Chocolate,SPEC-POUCH-SM,5000,0.434,2170,FALSE,,Ordered,,,,,
43026,7,PCM-CH,ProDough Cupcake Pouch,Chocolate,SPEC-POUCH-SM,1000,0.434,434,FALSE,,Ordered,,,,,
43026,8,PCCM-CS-02,ProDough Cupcake Pouch,Cinnamon Swirl,SPEC-POUCH-SM,1000,0.434,434,FALSE,,Ordered,,,,,
43026,9,PCCM-PS-03,ProDough Cupcake Pouch,Pumpkin Spice,SPEC-POUCH-SM,1000,0.434,434,FALSE,,Ordered,,,,,
43026,10,PCCM-V-04,ProDough Cupcake Pouch,Vanilla,SPEC-POUCH-SM,1000,0.434,434,FALSE,,Ordered,,,,,
43026,11,GFFB-01,GF Flour Pouch,GF Flour,SPEC-POUCH-SM,1000,0.434,434,FALSE,,Ordered,,,,,
