sku,gtin,gtin_valid,product_line,format,flavor,base_flavor,spec_id,eyemark_color,dieline_required,status,shopify_sku,shopify_variant_id,mrp_formula_id,formula_rev,artwork_version,artwork_status,nfp_version,nfp_last_reviewed,data_quality_flag,notes
PP-AP-01,850046726156,TRUE,Whey Protein,Pouch,Apple Pie Whey Protein Pouch,Apple Pie,SPEC-POUCH-LG,,TRUE,Active,,,,,,Unknown,,,,
PP-CM-02,850046726163,TRUE,Whey Protein,Pouch,Chocolate Mousse Whey Protein Pouch,Chocolate Mousse,SPEC-POUCH-LG,,TRUE,Active,,,,,,Unknown,,,,
PP-CPB-17,850046726637,TRUE,Whey Protein,Pouch,Chocolate Peanut Butter Whey Protein Pouch,Chocolate Peanut Butter,SPEC-POUCH-LG,,TRUE,Active,,,,,,Unknown,,,,
PP-CNC-03,850046726170,TRUE,Whey Protein,Pouch,Coconut Cream Whey Protein Pouch,Coconut Cream,SPEC-POUCH-LG,,TRUE,Active,,,,,,Unknown,,,,
PP-CC-04,850046726187,TRUE,Whey Protein,Pouch,Cookie Crumble Whey Protein Pouch,Cookie Crumble,SPEC-POUCH-LG,,TRUE,Active,,,,,,Unknown,,,,
PP-GD-05,850046726194,TRUE,Whey Protein,Pouch,Glazed Donut Whey Protein Pouch,Glazed Donut,SPEC-POUCH-LG,,TRUE,Active,,,,,,Unknown,,,,
PP-H-06,850046726200,TRUE,Whey Protein,Pouch,Horchata Whey Protein Pouch,Horchata,SPEC-POUCH-LG,,TRUE,Active,,,,,,Unknown,,,,
PP-IM-07,850046726217,TRUE,Whey Protein,Pouch,Iced Mocha Whey Protein Pouch,Iced Mocha,SPEC-POUCH-LG,,TRUE,Active,,,,,,Unknown,,,,
PP-MD-08,850046726224,TRUE,Whey Protein,Pouch,Maple Donut Whey Protein Pouch,Maple Donut,SPEC-POUCH-LG,,TRUE,Active,,,,,,Unknown,,,,
PP-N-09,850046726231,TRUE,Whey Protein,Pouch,Neapolitan Whey Protein Pouch,Neapolitan,SPEC-POUCH-LG,,TRUE,Active,,,,,,Unknown,,,,
PP-OC-10,850046726248,TRUE,Whey Protein,Pouch,Orange Cream Whey Protein Pouch,Orange Cream,SPEC-POUCH-LG,,TRUE,Active,,,,,,Unknown,,,,
PP-PC-11,850046726255,TRUE,Whey Protein,Pouch,Peach Cobbler Whey Protein Pouch,Peach Cobbler,SPEC-POUCH-LG,,TRUE,Active,,,,,,Unknown,,,,
PP-RC-12,850046726262,TRUE,Whey Protein,Pouch,Raspberry Cheesecake Whey Protein Pouch,Raspberry Cheesecake,SPEC-POUCH-LG,,TRUE,Active,,,,,,Unknown,,,,
PP-SD-13,850046726279,TRUE,Whey Protein,Pouch,Snickerdoodle Whey Protein Pouch,Snickerdoodle,SPEC-POUCH-LG,,TRUE,Active,,,,,,Unknown,,,,
PP-SS-14,850046726286,TRUE,Whey Protein,Pouch,Strawberry Shortcake Whey Protein Pouch,Strawberry Shortcake,SPEC-POUCH-LG,,TRUE,Active,,,,,,Unknown,,,,
PP-VB-15,850046726477,TRUE,Whey Protein,Pouch,Vanilla Bean Whey Protein Pouch,Vanilla Bean,SPEC-POUCH-LG,,TRUE,Active,,,,,,Unknown,,,,
PP-PA-30,850079939202,TRUE,Whey Protein,Pouch,Pomegranate Acai Whey Protein Pouch,Pomegranate Acai,SPEC-POUCH-LG,white,TRUE,Active,,,,,,Unknown,,,,
PP-PS-16,850046726590,TRUE,Whey Protein,Pouch,Pumpkin Spice Whey Protein Pouch,Pumpkin Spice,SPEC-POUCH-LG,,TRUE,Active,,,,,,Unknown,,,,
PP-SC-18,850046726620,TRUE,Whey Protein,Pouch,Sugar Cookie Whey Protein Pouch,Sugar Cookie,SPEC-POUCH-LG,,TRUE,Active,,,,,,Unknown,,,,
PP-FC-19,850046726606,TRUE,Whey Protein,Pouch,Fruity Cereal Whey Protein Pouch,Fruity Cereal,SPEC-POUCH-LG,,TRUE,Active,,,,,,Unknown,,,,
PP-MC-20,850046726613,TRUE,Whey Protein,Pouch,Mint Chocolate Whey Protein Pouch,Mint Chocolate,SPEC-POUCH-LG,,TRUE,Active,,,,,,Unknown,,,,
PP-BF-21,850079939172,TRUE,Whey Protein,Pouch,Bananas Foster Whey Protein Pouch,Bananas Foster,SPEC-POUCH-LG,,TRUE,Active,,,,,,Unknown,,,,
PP-BD-22,850079939165,TRUE,Whey Protein,Pouch,Birthday Cake Whey Protein Pouch,Birthday Cake,SPEC-POUCH-LG,,TRUE,Active,,,,,,Unknown,,,,
PP-BLM-23,850079939158,TRUE,Whey Protein,Pouch,Blueberry Muffin Whey Protein Pouch,Blueberry Muffin,SPEC-POUCH-LG,,TRUE,Active,,,,,,Unknown,,,,
PP-CRL-24,850079939141,TRUE,Whey Protein,Pouch,Cinnamon Roll Whey Protein Pouch,Cinnamon Roll,SPEC-POUCH-LG,,TRUE,Active,,,,,,Unknown,,,,
PP-DCH-25,850079939127,TRUE,Whey Protein,Pouch,Double Chocolate Whey Protein Pouch,Double Chocolate,SPEC-POUCH-LG,,TRUE,Active,,,,,,Unknown,,,,
PP-KLP-26,850079939134,TRUE,Whey Protein,Pouch,Key Lime Pie Whey Protein Pouch,Key Lime Pie,SPEC-POUCH-LG,,TRUE,Active,,,,,,Unknown,,,,
PP-LCK-27,850079939110,TRUE,Whey Protein,Pouch,Lemon Cake Whey Protein Pouch,Lemon Cake,SPEC-POUCH-LG,,TRUE,Active,,,,,,Unknown,,,,
PP-RDV-28,850079939103,TRUE,Whey Protein,Pouch,Red Velvet Whey Protein Pouch,Red Velvet,SPEC-POUCH-LG,,TRUE,Active,,,,,,Unknown,,,,
PP-SLC-29,850079939097,TRUE,Whey Protein,Pouch,Salted Caramel Whey Protein Pouch,Salted Caramel,SPEC-POUCH-LG,,TRUE,Active,,,,,,Unknown,,,,
PSP-AP,850046726668,TRUE,Whey Protein,Stick,Apple Pie Whey Protein Stick,Apple Pie,SPEC-STICK-LG,black,TRUE,Active,,,,,,Unknown,,,,
PSP-CM,850046726712,TRUE,Whey Protein,Stick,Chocolate Mousse Whey Protein Stick,Chocolate Mousse,SPEC-STICK-LG,white,TRUE,Active,,,,,,Unknown,,,,
PSP-CPB,850046726644,TRUE,Whey Protein,Stick,Chocolate Peanut Butter Whey Protein Stick,Chocolate Peanut Butter,SPEC-STICK-LG,white,TRUE,Active,,,,,,Unknown,,,,
PSP-CC,850046726729,TRUE,Whey Protein,Stick,Coconut Cream Whey Protein Stick,Coconut Cream,SPEC-STICK-LG,black,TRUE,Active,,,,,,Unknown,,,,
PSP-CCR,850046726736,TRUE,Whey Protein,Stick,Cookie Crumble Whey Protein Stick,Cookie Crumble,SPEC-STICK-LG,black,TRUE,Active,,,,,,Unknown,,,,
PSP-FC,850046726705,TRUE,Whey Protein,Stick,Fruity Cereal Whey Protein Stick,Fruity Cereal,SPEC-STICK-LG,white,TRUE,Active,,,,,,Unknown,,,,
PSP-GD,850046726743,TRUE,Whey Protein,Stick,Glazed Donut Whey Protein Stick,Glazed Donut,SPEC-STICK-LG,black,TRUE,Active,,,,,,Unknown,,,,
PSP-HO,850046726750,TRUE,Whey Protein,Stick,Horchata Whey Protein Stick,Horchata,SPEC-STICK-LG,black,TRUE,Active,,,,,,Unknown,,,,
PSP-IM,850046726767,TRUE,Whey Protein,Stick,Iced Mocha Whey Protein Stick,Iced Mocha,SPEC-STICK-LG,white,TRUE,Active,,,,,,Unknown,,,,
PSP-MD,850046726675,TRUE,Whey Protein,Stick,Maple Donut Whey Protein Stick,Maple Donut,SPEC-STICK-LG,white,TRUE,Active,,,,,,Unknown,,,,
PSP-MC,850046726651,TRUE,Whey Protein,Stick,Mint Chocolate Whey Protein Stick,Mint Chocolate,SPEC-STICK-LG,black,TRUE,Active,,,,,,Unknown,,,,
PSP-NE,850046726774,TRUE,Whey Protein,Stick,Neapolitan Whey Protein Stick,Neapolitan,SPEC-STICK-LG,black,TRUE,Active,,,,,,Unknown,,,,
PSP-OC,850046726781,TRUE,Whey Protein,Stick,Orange Cream Whey Protein Stick,Orange Cream,SPEC-STICK-LG,black,TRUE,Active,,,,,,Unknown,,,,
PSP-PC,850046726798,TRUE,Whey Protein,Stick,Peach Cobbler Whey Protein Stick,Peach Cobbler,SPEC-STICK-LG,black,TRUE,Active,,,,,,Unknown,,,,
PSP-PS,850046726699,TRUE,Whey Protein,Stick,Pumpkin Spice Whey Protein Stick,Pumpkin Spice,SPEC-STICK-LG,black,TRUE,Active,,,,,,Unknown,,,,
PSP-RC,850046726804,TRUE,Whey Protein,Stick,Raspberry Cheesecake Whey Protein Stick,Raspberry Cheesecake,SPEC-STICK-LG,white,TRUE,Active,,,,,,Unknown,,,,
PSP-SD,850046726682,TRUE,Whey Protein,Stick,Snickerdoodle Whey Protein Stick,Snickerdoodle,SPEC-STICK-LG,black,TRUE,Active,,,,,,Unknown,,,,
PSP-SS,850046726811,TRUE,Whey Protein,Stick,Strawberry Shortcake Whey Protein Stick,Strawberry Shortcake,SPEC-STICK-LG,black,TRUE,Active,,,,,,Unknown,,,,
PSP-SC,850046726873,TRUE,Whey Protein,Stick,Sugar Cookie Whey Protein Stick,Sugar Cookie,SPEC-STICK-LG,black,TRUE,Active,,,,,,Unknown,,,,
PSP-VB,850046726828,TRUE,Whey Protein,Stick,Vanilla Bean Whey Protein Stick,Vanilla Bean,SPEC-STICK-LG,black,TRUE,Active,,,,,,Unknown,,,,
PSP-PA,850046726880,TRUE,Whey Protein,Stick,Pomegranate Acai Whey Protein Stick,Pomegranate Acai,SPEC-STICK-LG,white,TRUE,Active,,,,,,Unknown,,,,
PSP-BF,850046726927,TRUE,Whey Protein,Stick,Bananas Foster Whey Protein Stick,Bananas Foster,SPEC-STICK-LG,black,TRUE,Active,,,,,,Unknown,,,,
PSP-BD,850046726934,TRUE,Whey Protein,Stick,Birthday Cake Whey Protein Stick,Birthday Cake,SPEC-STICK-LG,black,TRUE,Active,,,,,,Unknown,,,,
PSP-BM,850046726941,TRUE,Whey Protein,Stick,Blueberry Muffin Whey Protein Stick,Blueberry Muffin,SPEC-STICK-LG,white,TRUE,Active,,,,,,Unknown,,,,
PSP-CRL,850046726958,TRUE,Whey Protein,Stick,Cinnamon Roll Whey Protein Stick,Cinnamon Roll,SPEC-STICK-LG,white,TRUE,Active,,,,,,Unknown,,,,
PSP-DC,850046726965,TRUE,Whey Protein,Stick,Double Chocolate Whey Protein Stick,Double Chocolate,SPEC-STICK-LG,white,TRUE,Active,,,,,,Unknown,,,,
PSP-KL,850046726972,TRUE,Whey Protein,Stick,Key Lime Pie Whey Protein Stick,Key Lime Pie,SPEC-STICK-LG,black,TRUE,Active,,,,,,Unknown,,,,
PSP-LC,850046726989,TRUE,Whey Protein,Stick,Lemon Cake Whey Protein Stick,Lemon Cake,SPEC-STICK-LG,black,TRUE,Active,,,,,,Unknown,,,,
PSP-RV,850046726996,TRUE,Whey Protein,Stick,Red Velvet Whey Protein Stick,Red Velvet,SPEC-STICK-LG,white,TRUE,Active,,,,,,Unknown,,,,
PSP-SCR,850079939004,TRUE,Whey Protein,Stick,Salted Caramel Whey Protein Stick,Salted Caramel,SPEC-STICK-LG,white,TRUE,Active,,,,,,Unknown,,,,
42224277651538,850079939066,TRUE,Beef Protein,Pouch,Cinnamon Sugar Beef Protein Pouch,Cinnamon Sugar,SPEC-POUCH-LG,,TRUE,Active,,42224277651538,,,,Unknown,,,NEEDS REVIEW,
42224277684306,850079939080,TRUE,Beef Protein,Pouch,Double Chocolate Beef Protein Pouch,Double Chocolate,SPEC-POUCH-LG,,TRUE,Active,,42224277684306,,,,Unknown,,,NEEDS REVIEW,
42224277717074,850079939073,TRUE,Beef Protein,Pouch,Frosted Vanilla Beef Protein Pouch,Frosted Vanilla,SPEC-POUCH-LG,,TRUE,Active,,42224277717074,,,,Unknown,,,NEEDS REVIEW,
42224277749842,850079939059,TRUE,Beef Protein,Pouch,Toffee Cream Beef Protein Pouch,Toffee Cream,SPEC-POUCH-LG,,TRUE,Active,,42224277749842,,,,Unknown,,,NEEDS REVIEW,
HBF-CHU,850079939035,TRUE,Beef Protein,Stick,Cinnamon Sugar Beef Protein Stick,Cinnamon Sugar,SPEC-STICK-LG,white,TRUE,Active,,,,,,Unknown,,,,
HBF-DCH,850079939028,TRUE,Beef Protein,Stick,Double Chocolate Beef Protein Stick,Double Chocolate,SPEC-STICK-LG,white,TRUE,Active,,,,,,Unknown,,,,
HBF-DDL,850079939042,TRUE,Beef Protein,Stick,Toffee Cream Beef Protein Stick,Toffee Cream,SPEC-STICK-LG,black,TRUE,Active,,,,,,Unknown,,,,
HBF-VNL,850079939011,TRUE,Beef Protein,Stick,Frosted Vanilla Beef Protein Stick,Frosted Vanilla,SPEC-STICK-LG,black,TRUE,Active,,,,,,Unknown,,,,
PP-BB-21,850046726576,TRUE,Plant Protein,Pouch,Brownie Batter Plant Protein Pouch,Brownie Batter,SPEC-POUCH-LG,,TRUE,Active,,,,,,Unknown,,,,
PP-CM-23,850046726569,TRUE,Plant Protein,Pouch,Café Mocha Plant Protein Pouch,Café Mocha,SPEC-POUCH-LG,,TRUE,Active,,,,,,Unknown,,,,
PP-SC-22,850046726552,TRUE,Plant Protein,Pouch,Salted Caramel Plant Protein Pouch,Salted Caramel,SPEC-POUCH-LG,,TRUE,Active,,,,,,Unknown,,,,
PP-VC-24,850046726583,TRUE,Plant Protein,Pouch,Vanilla Cone Plant Protein Pouch,Vanilla Cone,SPEC-POUCH-LG,,TRUE,Active,,,,,,Unknown,,,,
PPSS-BB,850046726835,TRUE,Plant Protein,Stick,Brownie Batter Plant Protein Stick,Brownie Batter,SPEC-STICK-LG,white,TRUE,Active,,,,,,Unknown,,,,
PPSS-CM,850046726842,TRUE,Plant Protein,Stick,Café Mocha Plant Protein Stick,Café Mocha,SPEC-STICK-LG,black,TRUE,Active,,,,,,Unknown,,,,
PPSS-SC,850046726859,TRUE,Plant Protein,Stick,Salted Caramel Plant Protein Stick,Salted Caramel,SPEC-STICK-LG,white,TRUE,Active,,,,,,Unknown,,,,
PPSS-VC,850046726866,TRUE,Plant Protein,Stick,Vanilla Cone Plant Protein Stick,Vanilla Cone,SPEC-STICK-LG,black,TRUE,Active,,,,,,Unknown,,,,
PPM-BM,850030869746,TRUE,Pancake Mix,Pouch,Buttermilk Protein Pancake Mix,Buttermilk,SPEC-POUCH-SM,,TRUE,Active,,,,,,Unknown,,,,
PPM-C,850046726149,TRUE,Pancake Mix,Pouch,Chocolate Protein Pancake Mix,Chocolate,SPEC-POUCH-SM,,TRUE,Active,,,,,,Unknown,,,,
PPM-CS,850046726002,TRUE,Pancake Mix,Pouch,Cinnamon Swirl Protein Pancake Mix,Cinnamon Swirl,SPEC-POUCH-SM,,TRUE,Active,,,,,,Unknown,,,,
PPM-PS,850046726033,TRUE,Pancake Mix,Pouch,Pumpkin Spice Protein Pancake Mix,Pumpkin Spice,SPEC-POUCH-SM,,TRUE,Active,,,,,,Unknown,,,,
DR-20,850046726491,TRUE,Daily Recharge,Pouch,Daily Recharge 20ct Pouch,Daily Recharge 20ct,,,TRUE,Active,,,,,,Unknown,,,,
DR-SP,850046726484,TRUE,Daily Recharge,Stick,Daily Recharge Stick,Daily Recharge,,,TRUE,Active,,,,,,Unknown,,,,
GFFB-01,850030869753,TRUE,Gluten Free Flour,Pouch,Gluten Free Flour,Gluten Free Flour,SPEC-POUCH-SM,,TRUE,Active,,,,,,Unknown,,,,
POC-AC1,850046726309,TRUE,Oatmeal Cup,Cup,Apple Cinnamon Protein Oatmeal Cup,Apple Cinnamon,SPEC-CUP-OAT,,,Active,,,,,,Unknown,,,,
POC-MBS5,850046726316,TRUE,Oatmeal Cup,Cup,Maple & Brown Sugar Protein Oatmeal Cup,Maple & Brown Sugar,SPEC-CUP-OAT,,,Active,,,,,,Unknown,,,,
POC-CS3,850046726354,TRUE,Oatmeal Cup,Cup,Cinnamon Spice Protein Oatmeal Cup,Cinnamon Spice,SPEC-CUP-OAT,,,Active,,,,,,Unknown,,,,
PCCM-CH-01,850046726095,TRUE,Cupcake Mix,Pouch,Chocolate Protein Cupcake Mix,Chocolate,SPEC-POUCH-SM,,TRUE,Active,,,,,,Unknown,,,,
PCCM-CS-02,850046726101,TRUE,Cupcake Mix,Pouch,Cinnamon Swirl Protein Cupcake Mix,Cinnamon Swirl,SPEC-POUCH-SM,,TRUE,Active,,,,,,Unknown,,,,
PCCM-PS-03,850046726125,TRUE,Cupcake Mix,Pouch,Pumpkin Spice Protein Cupcake Mix,Pumpkin Spice,SPEC-POUCH-SM,,TRUE,Active,,,,,,Unknown,,,,
PCCM-V-04,850046726132,TRUE,Cupcake Mix,Pouch,Vanilla Protein Cupcake Mix,Vanilla,SPEC-POUCH-SM,,TRUE,Active,,,,,,Unknown,,,,
PCM-OR,850046726026,TRUE,Crepe Mix,Pouch,Original Protein Crepe Mix,Original,SPEC-POUCH-SM,,TRUE,Active,,,,,,Unknown,,,,
PCM-CH,850046726040,TRUE,Crepe Mix,Pouch,Chocolate Protein Crepe Mix,Chocolate,SPEC-POUCH-SM,,TRUE,Active,,,,,,Unknown,,,,
PDM-AS-01,850030869760,TRUE,Donut Mix,Box,Apple Strudel Protein Donut Mix,Apple Strudel,SPEC-BOX-DONUT,,,Active,,,,,,Unknown,,,,
PDM-BC-02,850030869999,TRUE,Donut Mix,Box,Banana Cream Protein Donut Mix,Banana Cream,SPEC-BOX-DONUT,,,Active,,,,,,Unknown,,,,
PDM-BDC-03,850030869791,TRUE,Donut Mix,Box,Birthday Cake Protein Donut Mix,Birthday Cake,SPEC-BOX-DONUT,,,Active,,,,,,Unknown,,,,
PDM-CC-04,850030869944,TRUE,Donut Mix,Box,Cheesecake Crumble Protein Donut Mix,Cheesecake Crumble,SPEC-BOX-DONUT,,,Active,,,,,,Unknown,,,,
PDM-CCC-05,850030869968,TRUE,Donut Mix,Box,Chocolate Candy Cane Protein Donut Mix,Chocolate Candy Cane,SPEC-BOX-DONUT,,,Active,,,,,,Unknown,,,,
PDM-CPB-06,850030869821,TRUE,Donut Mix,Box,Chocolate Peanut Butter Protein Donut Mix,Chocolate Peanut Butter,SPEC-BOX-DONUT,,,Active,,,,,,Unknown,,,,
PDM-CS-07,850030869807,TRUE,Donut Mix,Box,Cinnamon Sugar Protein Donut Mix,Cinnamon Sugar,SPEC-BOX-DONUT,,,Active,,,,,,Unknown,,,,
PDM-DC-15,850030869845,TRUE,Donut Mix,Box,Double Chocolate Protein Donut Mix,Double Chocolate,SPEC-BOX-DONUT,,,Active,,,,,,Unknown,,,,
PDM-KL-16,850046726057,TRUE,Donut Mix,Box,Key Lime Protein Donut Mix,Key Lime,SPEC-BOX-DONUT,,,Active,,,,,,Unknown,,,,
PDM-LPS-17,850030869852,TRUE,Donut Mix,Box,Lemon Poppy Seed Protein Donut Mix,Lemon Poppy Seed,SPEC-BOX-DONUT,,,Active,,,,,,Unknown,,,,
PDM-PBJ-18,850030869869,TRUE,Donut Mix,Box,Peanut Butter & Jelly Protein Donut Mix,Peanut Butter & Jelly,SPEC-BOX-DONUT,,,Active,,,,,,Unknown,,,,
PDM-PBB-19,850046726064,TRUE,Donut Mix,Box,Peanut Butter Banana Protein Donut Mix,Peanut Butter Banana,SPEC-BOX-DONUT,,,Active,,,,,,Unknown,,,,
PDM-RC-20,850046726071,TRUE,Donut Mix,Box,Raspberry Cheesecake Protein Donut Mix,Raspberry Cheesecake,SPEC-BOX-DONUT,,,Active,,,,,,Unknown,,,,
PDM-SC-21,850046726088,TRUE,Donut Mix,Box,Salted Caramel Protein Donut Mix,Salted Caramel,SPEC-BOX-DONUT,,,Active,,,,,,Unknown,,,,
PDM-SSS-22,850046726460,TRUE,Donut Mix,Box,Star Spangled Sprinkles Protein Donut Mix,Star Spangled Sprinkles,SPEC-BOX-DONUT,,,Active,,,,,,Unknown,,,,
PDM-STC-23,850030869906,TRUE,Donut Mix,Box,Strawberries & Cream Protein Donut Mix,Strawberries & Cream,SPEC-BOX-DONUT,,,Active,,,,,,Unknown,,,,
PDM-TC-24,850030869883,TRUE,Donut Mix,Box,Toasted Coconut Protein Donut Mix,Toasted Coconut,SPEC-BOX-DONUT,,,Active,,,,,,Unknown,,,,
PDM-VC-25,850030869951,TRUE,Donut Mix,Box,Vanilla Cream Protein Donut Mix,Vanilla Cream,SPEC-BOX-DONUT,,,Active,,,,,,Unknown,,,,
PDM-WB-26,850030869890,TRUE,Donut Mix,Box,Wild Blueberry Protein Donut Mix,Wild Blueberry,SPEC-BOX-DONUT,,,Active,,,,,,Unknown,,,,
PDM-DEA-08,850030869920,TRUE,Donut Mix,Box,Andés Protein Donut Mix,Andés,SPEC-BOX-DONUT,,,Active,,,,,,Unknown,,,,
PDM-DEB-09,850030869777,TRUE,Donut Mix,Box,Butterfinger Protein Donut Mix,Butterfinger,SPEC-BOX-DONUT,,,Active,,,,,,Unknown,,,,
PDM-DEH-10,850030869838,TRUE,Donut Mix,Box,Heath Protein Donut Mix,Heath,SPEC-BOX-DONUT,,,Active,,,,,,Unknown,,,,
PDM-DEK-11,850030869913,TRUE,Donut Mix,Box,Kit Kat Protein Donut Mix,Kit Kat,SPEC-BOX-DONUT,,,Active,,,,,,Unknown,,,,
PDM-DEO-12,850030869814,TRUE,Donut Mix,Box,Oreo Protein Donut Mix,Oreo,SPEC-BOX-DONUT,,,Active,,,,,,Unknown,,,,
PDM-DER-13,850030869876,TRUE,Donut Mix,Box,Reese's Protein Donut Mix,Reese's,SPEC-BOX-DONUT,,,Active,,,,,,Unknown,,,,
PDM-DES-14,850030869937,TRUE,Donut Mix,Box,Snickers Protein Donut Mix,Snickers,SPEC-BOX-DONUT,,,Active,,,,,,Unknown,,,,
